,id,full_name,email,gender
0,1,Jacquenette Nesterov,jnesterov0@squarespace.com,female
1,2,Leanora Cashell,lcashell1@blogger.com,male
2,3,Arley Medford,amedford2@newyorker.com,male
3,4,Rafaello Crawshaw,rcrawshaw3@multiply.com,male
4,5,Karalee Hallaways,khallaways4@uol.com.br,non-binary
5,6,Georgi Wardroper,gwardroper5@1688.com,male
6,7,Spense Broxis,sbroxis6@theguardian.com,male
7,8,Lurette Trainor,ltrainor7@delicious.com,female
8,9,Carina Tunney,ctunney8@shutterfly.com,female
9,10,Mellisa Goodey,mgoodey9@multiply.com,female
10,11,Conant Hillen,chillena@java.com,female
11,12,Barry McGibbon,bmcgibbonb@fda.gov,male
12,13,Velma Zannetti,vzannettic@ycombinator.com,male
13,14,Millie Capun,mcapund@bluehost.com,female
14,15,Salim Mordaunt,smordaunte@phpbb.com,non-binary
15,16,Martina Briggdale,mbriggdalef@fda.gov,female
16,17,Aprilette Heindl,aheindlg@fema.gov,female
17,18,Woody Kynge,wkyngeh@woothemes.com,female
18,19,Di Crewes,dcrewesi@myspace.com,male
19,20,Siegfried Hulme,shulmej@skyrock.com,female
20,21,Alphard Tiffney,atiffneyk@ucoz.com,female
21,22,Rosalie Hamil,rhamill@springer.com,female
22,23,Jemmy Redholls,jredhollsm@csmonitor.com,female
23,24,Kathie Dunford,kdunfordn@google.es,female
24,25,Sigismond Shoppee,sshoppeeo@umich.edu,male
25,26,Lemuel Marnes,lmarnesp@reverbnation.com,non-binary
26,27,Vilma Jannaway,vjannawayq@ox.ac.uk,male
27,28,Batsheva Hourihane,bhourihaner@amazon.com,male
28,29,Lynn Pedlow,lpedlows@xing.com,female
29,30,Salmon Shergold,sshergoldt@amazon.co.uk,male
30,31,Tabb Vesco,tvescou@drupal.org,female
31,32,Ernesta Feehan,efeehanv@ucsd.edu,male
32,33,Janel Cluderay,jcluderayw@wikimedia.org,female
33,34,Ferdinand Dorsett,fdorsettx@bizjournals.com,female
34,35,Kenny Dovington,kdovingtony@weebly.com,female
35,36,Bear Seaward,bseawardz@domainmarket.com,male
36,37,Sapphira Lackham,slackham10@twitpic.com,female
37,38,Sacha Olenchenko,solenchenko11@cornell.edu,female
38,39,Eugen Glassup,eglassup12@mtv.com,male
39,40,Griswold Threadkell,gthreadkell13@pen.io,non-binary
40,41,Augie Hyett,ahyett14@miitbeian.gov.cn,female
41,42,Costa Meeny,cmeeny15@cnet.com,female
42,43,Andres McManamen,amcmanamen16@usgs.gov,female
43,44,Sofie Kerwen,skerwen17@go.com,male
44,45,Alejandro Hughesdon,ahughesdon18@apple.com,female
45,46,Isaak Pedley,ipedley19@usatoday.com,female
46,47,Aloisia Antosik,aantosik1a@360.cn,female
47,48,Haze Havik,hhavik1b@census.gov,non-binary
48,49,Skip Sinton,ssinton1c@adobe.com,female
49,50,Alfredo Pauler,apauler1d@ucoz.ru,non-binary
50,51,Henryetta Maggiore,hmaggiore1e@indiatimes.com,male
51,52,Carmel Dreng,cdreng1f@phpbb.com,female
52,53,Marlow Varfolomeev,mvarfolomeev1g@shutterfly.com,male
53,54,Morena Semered,msemered1h@kickstarter.com,male
54,55,Murial Bridgeman,mbridgeman1i@opensource.org,female
55,56,Stanly Caswell,scaswell1j@nsw.gov.au,male
56,57,Teodoro Plevey,tplevey1k@newsvine.com,female
57,58,Louisette Quiddihy,lquiddihy1l@domainmarket.com,female
58,59,Bartram Arber,barber1m@go.com,male
59,60,Dulci Colbourn,dcolbourn1n@nhs.uk,female
60,61,Nil Enser,nenser1o@biblegateway.com,male
61,62,Wat Alp,walp1p@google.de,male
62,63,Fiann Butteris,fbutteris1q@apache.org,non-binary
63,64,Addison Cayford,acayford1r@latimes.com,male
64,65,Sibyl Bidwell,sbidwell1s@yandex.ru,female
65,66,Wittie Kibblewhite,wkibblewhite1t@adobe.com,female
66,67,Marylou Maddie,mmaddie1u@webs.com,male
67,68,Abbie Bilbrooke,abilbrooke1v@tmall.com,female
68,69,Emylee Rosendall,erosendall1w@patch.com,non-binary
69,70,Martelle Coche,mcoche1x@imdb.com,male
70,71,Humberto Hinsche,hhinsche1y@hp.com,female
71,72,Dulci Red,dred1z@guardian.co.uk,male
72,73,Ewell Rickardsson,erickardsson20@instagram.com,male
73,74,Phineas Manssuer,pmanssuer21@mozilla.com,male
74,75,Janel Lowmass,jlowmass22@vk.com,male
75,76,Tabbatha Measor,tmeasor23@washington.edu,female
76,77,Leesa Billyeald,lbillyeald24@netscape.com,male
77,78,Dulcia Mengo,dmengo25@xinhuanet.com,male
78,79,Darrel Akast,dakast26@vinaora.com,male
79,80,Elyn Densie,edensie27@yellowbook.com,female
80,81,Tessy Trask,ttrask28@freewebs.com,male
81,82,Alaster Beer,abeer29@clickbank.net,female
82,83,Thaddus Carbry,tcarbry2a@scientificamerican.com,female
83,84,Stern Peye,speye2b@netvibes.com,female
84,85,Fran Torri,ftorri2c@imdb.com,male
85,86,Felizio Genny,fgenny2d@example.com,female
86,87,Dana Frazier,dfrazier2e@google.de,non-binary
87,88,Gwen Estevez,gestevez2f@bloomberg.com,female
88,89,Berty Northam,bnortham2g@princeton.edu,male
89,90,Oralla Danielski,odanielski2h@usa.gov,female
90,91,Lanni Blything,lblything2i@ycombinator.com,male
91,92,Sancho Scoyles,sscoyles2j@tuttocitta.it,female
92,93,Alix Gooderick,agooderick2k@issuu.com,female
93,94,Shandee Gresch,sgresch2l@stumbleupon.com,male
94,95,Carmina Nicolls,cnicolls2m@jugem.jp,female
95,96,Lucienne McFaul,lmcfaul2n@vk.com,female
96,97,Sheelagh Chretien,schretien2o@google.it,male
97,98,Ransom Smyth,rsmyth2p@geocities.com,male
98,99,Mauricio Goane,mgoane2q@nhs.uk,male
99,100,Iain Stephens,istephens2r@newyorker.com,male
